PNO12,req_week_name,Volume
15537U101119,1902,1
22525120D119,1902,3
22525130D119,1902,2
22525R50D119,1902,2
22572110D119,1902,1
225721201119,1902,1
22572120D119,1902,4
22572130D119,1902,2
22572R501119,1902,1
225A3130C119,1902,1
225A3R50C119,1902,2
225A81101119,1902,1
225A8110C119,1902,1
225A8120D119,1902,1
225A8130D119,1902,4
225A8R50D119,1902,4
225AR110C119,1902,1
227A8120C119,1902,2
234A8130D119,1902,1
234A8170D119,1902,1
235A81201119,1902,1
235A8120D119,1902,4
235A8130C119,1902,1
235A8R50D119,1902,1
235AK120D119,1902,1
23625130C119,1902,1
23668120C119,1902,1
23668130C119,1902,4
236A8120C119,1902,2
236A8130C119,1902,1
24625120C119,1902,1
24625120D119,1902,1
24625130C119,1902,4
24625130D119,1902,3
24625R50D119,1902,1
24668120C119,1902,3
24668130C119,1902,11
24668R50C119,1902,6
246A3130C119,1902,2
246A3R50C119,1902,1
246A81201119,1902,2
246A81204119,1902,2
246A8120C119,1902,16
246A8120D119,1902,15
246A81304119,1902,1
246A8130C119,1902,6
246A8130D119,1902,8
246A8R501119,1902,1
246A8R50C119,1902,13
246A8R50D119,1902,9
246AK120D119,1902,3
246AK130D119,1902,1
246AKR50D119,1902,1
246AR1201119,1902,1
246BM120D119,1902,1
246BMR50D119,1902,3
25668120C119,1902,5
25668130C119,1902,7
25668220C119,1902,7
25668230C119,1902,10
25668R50C119,1902,7
25668R70C119,1902,8
25668TB0C119,1902,1
256A3130C119,1902,1
256A3230C119,1902,1
256A3R70C119,1902,1
256BM230D119,1902,2
52532R200119,1902,1
52532U200119,1902,1
525351201119,1902,1
525361201119,1902,3
52536U201119,1902,1
52632U200119,1902,1
526721200119,1902,1
536111101119,1902,2
536111201119,1902,2
536111701119,1902,3
53613R50C119,1902,1
536141101119,1902,1
536141201119,1902,1
53614R501119,1902,2
536721101119,1902,2
53672110C119,1902,1
53672110D119,1902,4
536721201119,1902,2
53672120C119,1902,2
53672120D119,1902,3
53672130C119,1902,1
53672130D119,1902,2
53672170C119,1902,1
53672170D119,1902,3
536A6120C119,1902,2
536A6130C119,1902,5
536A6170C119,1902,2
536A6R50C119,1902,6
536AC120C119,1902,1
536AC120D119,1902,3
536AC130C119,1902,4
536AC130D119,1902,3
536AC170C119,1902,2
536AC170D119,1902,2
536ACR50C119,1902,3
536ACR50D119,1902,10
15529U100119,2006,0
15537U101119,2006,0
15549R20C119,2006,0
155A0P30C119,2006,0
22425R50D119,2006,0
22525120D119,2006,3
22525130D119,2006,53
22525R50D119,2006,16
225721101119,2006,1
22572110D119,2006,0
225721201119,2006,5
22572120D119,2006,14
225721301119,2006,1
22572130D119,2006,4
22572R501119,2006,0
22572R50D119,2006,0
225A3120C119,2006,0
225A3130C119,2006,6
225A3R50C119,2006,11
225A81101119,2006,0
225A8110C119,2006,0
225A81201119,2006,0
225A8120C119,2006,3
225A8120D119,2006,7
225A81301119,2006,0
225A8130C119,2006,1
225A8130D119,2006,7
225A8R501119,2006,1
225A8R50C119,2006,1
225A8R50D119,2006,5
225AR110C119,2006,0
225AR120C119,2006,0
225ARR50C119,2006,0
225BM130D119,2006,2
225BMR50D119,2006,4
227A8120C119,2006,15
23468130C119,2006,0
23472120D119,2006,0
234791200119,2006,0
234A8120D119,2006,0
234A8130D119,2006,0
234A8170D119,2006,0
234AK130D119,2006,0
234BM130D119,2006,0
234BMR50D119,2006,0
23525120D119,2006,0
23525130D119,2006,0
23525R50D119,2006,0
23568120C119,2006,2
23568130C119,2006,1
23568R50C119,2006,2
23572110D119,2006,0
23572120D119,2006,4
235A3120C119,2006,0
235A3130C119,2006,0
235A3R50C119,2006,0
235A81101119,2006,0
235A8110C119,2006,0
235A8110D119,2006,0
235A81201119,2006,0
235A8120D119,2006,1
235A8130C119,2006,0
235A8130D119,2006,4
235A8R50C119,2006,0
235A8R50D119,2006,1
235AK120D119,2006,2
235AKR50D119,2006,0
235AR130C119,2006,0
235BM130D119,2006,1
235BMR50D119,2006,0
23625130C119,2006,1
23668120C119,2006,1
23668130C119,2006,3
23668A30C119,2006,0
236A3130C119,2006,1
236A8120C119,2006,1
236A8130C119,2006,0
236A8A30C119,2006,0
24610120C119,2006,0
24625120C119,2006,12
24625120D119,2006,3
24625130C119,2006,6
24625130D119,2006,2
24625R50C119,2006,5
24625R50D119,2006,0
24668120C119,2006,2
24668130C119,2006,18
24668R50C119,2006,31
246A3120C119,2006,0
246A3130C119,2006,2
246A3R50C119,2006,6
246A81201119,2006,4
246A81204119,2006,1
246A8120C119,2006,15
246A8120D119,2006,54
246A81301119,2006,2
246A81304119,2006,1
246A8130C119,2006,41
246A8130D119,2006,23
246A8MA0C119,2006,0
246A8R501119,2006,1
246A8R504119,2006,1
246A8R50C119,2006,32
246A8R50D119,2006,28
246AK120D119,2006,12
246AK130D119,2006,10
246AKR50D119,2006,9
246AR1201119,2006,5
246AR1301119,2006,0
246ARR501119,2006,0
246BM120D119,2006,0
246BM130D119,2006,2
246BMR50D119,2006,4
25625120C119,2006,0
25625130C119,2006,0
25625230C119,2006,1
25625R50C119,2006,0
25625R70C119,2006,1
25668120C119,2006,8
25668130C119,2006,25
25668220C119,2006,6
25668230C119,2006,18
25668R50C119,2006,8
25668R70C119,2006,9
25668TB0C119,2006,0
25668VC0C119,2006,0
256A3120C119,2006,1
256A3130C119,2006,1
256A3220C119,2006,0
256A3230C119,2006,1
256A3R70C119,2006,0
256BAR70D119,2006,0
256BM230D119,2006,4
256BMR70D119,2006,1
525321100119,2006,0
525321200119,2006,8
52532R200119,2006,1
52532U200119,2006,0
525331100119,2006,0
525331200119,2006,8
52533R200119,2006,0
525351101119,2006,0
525351201119,2006,31
52535R201119,2006,1
525361101119,2006,0
525361201119,2006,22
52536R201119,2006,0
52536U201119,2006,0
525701200119,2006,9
525701201119,2006,1
52570R200119,2006,0
52570R201119,2006,0
525721100119,2006,0
525721200119,2006,1
525721201119,2006,1
52572R200119,2006,0
52572R201119,2006,0
526321200119,2006,4
52632U200119,2006,0
526701200119,2006,0
526701201119,2006,0
526721200119,2006,0
526721201119,2006,0
536111101119,2006,2
536111201119,2006,2
536111301119,2006,0
536111701119,2006,10
53613120C119,2006,0
53613130C119,2006,1
53613170C119,2006,0
536132I0C119,2006,0
53613R50C119,2006,5
536141101119,2006,0
536141201119,2006,1
536141301119,2006,0
53614R501119,2006,0
536721101119,2006,1
53672110C119,2006,0
53672110D119,2006,3
536721201119,2006,2
53672120C119,2006,2
53672120D119,2006,5
536721301119,2006,1
53672130C119,2006,2
53672130D119,2006,7
536721701119,2006,2
53672170C119,2006,4
53672170D119,2006,15
53672R501119,2006,0
53672R50C119,2006,0
53672R50D119,2006,0
536A6120C119,2006,4
536A6130C119,2006,7
536A6170C119,2006,9
536A6R50C119,2006,13
536AC120C119,2006,1
536AC120D119,2006,4
536AC130C119,2006,3
536AC130D119,2006,8
536AC170C119,2006,4
536AC170D119,2006,10
536ACR50C119,2006,5
536ACR50D119,2006,10
15529U100119,2011,0
15537U101119,2011,0
15549R20C119,2011,0
155A0P30C119,2011,0
22425R50D119,2011,0
22525120D119,2011,4
22525130D119,2011,4
22525170D119,2011,0
22525R50D119,2011,6
225721101119,2011,0
22572110D119,2011,0
225721201119,2011,7
22572120D119,2011,15
225721301119,2011,4
22572130D119,2011,8
22572R501119,2011,1
22572R50D119,2011,5
225A3120C119,2011,0
225A3130C119,2011,4
225A3R50C119,2011,1
225A81101119,2011,0
225A8110C119,2011,0
225A8110D119,2011,0
225A81201119,2011,5
225A8120C119,2011,5
225A8120D119,2011,9
225A81301119,2011,2
225A8130C119,2011,2
225A8130D119,2011,9
225A8R501119,2011,2
225A8R50C119,2011,2
225A8R50D119,2011,11
225AR110C119,2011,0
225AR120C119,2011,1
225AR130C119,2011,0
225ARR50C119,2011,0
225BM130D119,2011,1
225BMR50D119,2011,2
227A8120C119,2011,4
23468130C119,2011,0
23468R50C119,2011,0
23472120D119,2011,0
234791200119,2011,0
234A8120D119,2011,0
234A8130D119,2011,0
234A8170D119,2011,0
234A8R50D119,2011,0
234AK120D119,2011,0
234AK130D119,2011,0
234BM130D119,2011,0
234BMR50D119,2011,0
23525120D119,2011,0
23525130D119,2011,0
23525R50D119,2011,0
23568120C119,2011,1
23568130C119,2011,3
23568R50C119,2011,2
23572110D119,2011,0
235721201119,2011,0
23572120D119,2011,2
23572130D119,2011,0
235A3120C119,2011,0
235A3130C119,2011,2
235A3R50C119,2011,0
235A81101119,2011,0
235A8110C119,2011,0
235A8110D119,2011,0
235A81201119,2011,0
235A8120C119,2011,0
235A8120D119,2011,2
235A81301119,2011,0
235A8130C119,2011,0
235A8130D119,2011,5
235A8R501119,2011,0
235A8R50C119,2011,0
235A8R50D119,2011,5
235AK110D119,2011,1
235AK120D119,2011,2
235AK130D119,2011,1
235AKR50D119,2011,0
235AR110C119,2011,0
235AR130C119,2011,0
235BM130D119,2011,0
235BMR50D119,2011,0
23625120C119,2011,0
23625130C119,2011,1
23625A30C119,2011,0
23668120C119,2011,1
23668130C119,2011,10
23668A30C119,2011,1
236A3130C119,2011,0
236A3A30C119,2011,0
236A8120C119,2011,2
236A8130C119,2011,1
236A8A30C119,2011,0
24610120C119,2011,0
24625120C119,2011,3
24625120D119,2011,0
24625130C119,2011,6
24625130D119,2011,1
24625R50C119,2011,1
24625R50D119,2011,0
24668120C119,2011,2
24668130C119,2011,7
24668IB0C119,2011,0
24668R50C119,2011,4
246A3120C119,2011,0
246A3130C119,2011,2
246A3R50C119,2011,0
246A81201119,2011,3
246A81204119,2011,2
246A8120C119,2011,15
246A8120D119,2011,10
246A81301119,2011,0
246A81304119,2011,0
246A8130C119,2011,8
246A8130D119,2011,2
246A8IB0C119,2011,0
246A8MA0C119,2011,0
246A8R501119,2011,1
246A8R504119,2011,1
246A8R50C119,2011,3
246A8R50D119,2011,16
246AK120D119,2011,4
246AK130D119,2011,3
246AKR50D119,2011,0
246AR1201119,2011,5
246AR1301119,2011,0
246ARR501119,2011,0
246BM120D119,2011,0
246BM130D119,2011,2
246BMR50D119,2011,1
25625120C119,2011,0
25625130C119,2011,0
25625220C119,2011,1
25625230C119,2011,1
25625R50C119,2011,0
25625R70C119,2011,0
25668120C119,2011,8
25668130C119,2011,21
25668220C119,2011,7
25668230C119,2011,21
25668MB0C119,2011,0
25668R50C119,2011,12
25668R70C119,2011,10
25668TB0C119,2011,0
25668TC0C119,2011,0
25668UC0C119,2011,0
25668VC0C119,2011,0
256A3120C119,2011,0
256A3130C119,2011,1
256A3220C119,2011,0
256A3230C119,2011,3
256A3R50C119,2011,1
256A3R70C119,2011,0
256BAR70D119,2011,0
256BM230D119,2011,2
256BMR70D119,2011,1
525211301119,2011,0
525321100119,2011,0
525321200119,2011,6
52532R200119,2011,3
52532U200119,2011,0
525331100119,2011,0
525331200119,2011,12
52533R200119,2011,0
52533U200119,2011,0
525351101119,2011,0
525351201119,2011,14
52535R201119,2011,2
525361101119,2011,0
525361201119,2011,38
52536R201119,2011,2
52536U201119,2011,0
525701200119,2011,8
525701201119,2011,3
52570R200119,2011,0
52570R201119,2011,0
525721100119,2011,0
525721200119,2011,4
525721201119,2011,1
52572R200119,2011,1
52572R201119,2011,0
52572U200119,2011,0
526321200119,2011,3
52632U200119,2011,0
526701100119,2011,0
526701200119,2011,0
526701201119,2011,0
526721200119,2011,0
526721201119,2011,0
536111101119,2011,1
536111201119,2011,2
536111301119,2011,1
536111701119,2011,10
53613120C119,2011,0
53613130C119,2011,0
53613170C119,2011,1
536132I0C119,2011,0
53613R50C119,2011,11
53613RI0C119,2011,0
536141101119,2011,0
536141201119,2011,2
536141301119,2011,0
53614R501119,2011,0
536721101119,2011,2
53672110C119,2011,1
53672110D119,2011,3
536721201119,2011,1
53672120C119,2011,2
53672120D119,2011,6
536721301119,2011,2
53672130C119,2011,2
53672130D119,2011,6
536721701119,2011,3
53672170C119,2011,4
53672170D119,2011,21
53672R501119,2011,0
53672R50C119,2011,0
53672R50D119,2011,0
536A6110C119,2011,0
536A6120C119,2011,4
536A6130C119,2011,10
536A6170C119,2011,6
536A6R50C119,2011,17
536AC110C119,2011,0
536AC120C119,2011,1
536AC120D119,2011,5
536AC130C119,2011,10
536AC130D119,2011,7
536AC170C119,2011,7
536AC170D119,2011,13
536ACR50C119,2011,6
536ACR50D119,2011,13
15529U100119,2014,0
15537U101119,2014,0
15549R20C119,2014,0
155A0P30C119,2014,0
22425R50D119,2014,2
224AKR50D119,2014,0
22525120D119,2014,0
22525130D119,2014,75
22525170D119,2014,0
22525R50C119,2014,0
22525R50D119,2014,32
225721101119,2014,0
22572110D119,2014,0
225721201119,2014,4
22572120D119,2014,1
225721301119,2014,0
22572130D119,2014,6
225721701119,2014,0
22572170D119,2014,10
22572R501119,2014,1
22572R50D119,2014,2
225A3120C119,2014,0
225A3130C119,2014,8
225A3R50C119,2014,6
225A81101119,2014,0
225A8110C119,2014,0
225A8110D119,2014,0
225A81201119,2014,1
225A8120C119,2014,7
225A8120D119,2014,2
225A81301119,2014,0
225A8130C119,2014,4
225A8130D119,2014,9
225A81701119,2014,1
225A8170C119,2014,0
225A8170D119,2014,4
225A8R501119,2014,0
225A8R50C119,2014,2
225A8R50D119,2014,6
225AK120D119,2014,0
225AK130D119,2014,12
225AKR50D119,2014,0
225AR110C119,2014,0
225AR120C119,2014,0
225AR130C119,2014,0
225ARR50C119,2014,0
225BM130D119,2014,33
225BMR50D119,2014,31
225BTP50D119,2014,1
22725170C119,2014,0
227A8120C119,2014,5
227A8170C119,2014,43
23425130D119,2014,0
23468130C119,2014,0
23468R50C119,2014,0
23472120D119,2014,0
234791200119,2014,0
234A8120D119,2014,0
234A8130D119,2014,0
234A8170D119,2014,0
234A8R50D119,2014,0
234AK120D119,2014,0
234AK130D119,2014,0
234BM130D119,2014,0
234BMR50D119,2014,0
23525120D119,2014,0
23525130D119,2014,0
23525R50D119,2014,3
23568120C119,2014,1
23568130C119,2014,3
23568R50C119,2014,2
23572110D119,2014,0
235721201119,2014,0
23572120D119,2014,0
235721301119,2014,0
23572130D119,2014,0
23572R50D119,2014,0
235A3120C119,2014,0
235A3130C119,2014,0
235A3R50C119,2014,0
235A81101119,2014,0
235A8110C119,2014,0
235A8110D119,2014,0
235A81201119,2014,0
235A8120C119,2014,0
235A8120D119,2014,3
235A81301119,2014,0
235A8130C119,2014,0
235A8130D119,2014,4
235A8170D119,2014,0
235A8R501119,2014,0
235A8R50C119,2014,0
235A8R50D119,2014,1
235AK110D119,2014,0
235AK120D119,2014,1
235AK130D119,2014,0
235AKR50D119,2014,1
235AR110C119,2014,0
235AR130C119,2014,0
235BM130D119,2014,17
235BMR50D119,2014,12
23625120C119,2014,0
23625130C119,2014,0
23625A30C119,2014,0
23668120C119,2014,1
23668130C119,2014,7
23668A30C119,2014,1
236A3130C119,2014,0
236A3A30C119,2014,0
236A8120C119,2014,2
236A8130C119,2014,3
236A8A30C119,2014,0
24610120C119,2014,0
24625120C119,2014,2
24625120D119,2014,0
24625130C119,2014,5
24625130D119,2014,1
24625170C119,2014,0
24625R50C119,2014,3
24625R50D119,2014,0
24668120C119,2014,0
24668130C119,2014,3
24668IB0C119,2014,0
24668R50C119,2014,1
246A3120C119,2014,0
246A3130C119,2014,2
246A3R50C119,2014,3
246A81201119,2014,2
246A81204119,2014,0
246A8120C119,2014,3
246A8120D119,2014,3
246A81301119,2014,0
246A81304119,2014,0
246A8130C119,2014,7
246A8130D119,2014,42
246A81701119,2014,0
246A81704119,2014,2
246A8170D119,2014,22
246A8IB0C119,2014,0
246A8MA0C119,2014,0
246A8R501119,2014,0
246A8R504119,2014,0
246A8R50C119,2014,7
246A8R50D119,2014,16
246AK120D119,2014,3
246AK130D119,2014,3
246AK170D119,2014,0
246AKR50D119,2014,1
246AR1201119,2014,2
246AR1301119,2014,0
246AR1701119,2014,5
246ARR501119,2014,0
246BM120D119,2014,0
246BM130D119,2014,28
246BMR50D119,2014,14
246K2120C119,2014,0
246K2130C119,2014,16
246K2170C119,2014,3
246K2R50C119,2014,9
246K5130C119,2014,22
246K5170C119,2014,0
246K5R50C119,2014,15
25625120C119,2014,0
25625130C119,2014,0
25625220C119,2014,0
25625230C119,2014,1
25625R50C119,2014,0
25625R70C119,2014,0
25668120C119,2014,8
25668130C119,2014,16
25668220C119,2014,7
25668230C119,2014,19
25668MB0C119,2014,0
25668R50C119,2014,11
25668R70C119,2014,9
25668TB0C119,2014,0
25668TC0C119,2014,0
25668UC0C119,2014,0
25668VC0C119,2014,0
256A3120C119,2014,0
256A3130C119,2014,1
256A3170C119,2014,0
256A3220C119,2014,0
256A3230C119,2014,2
256A3R50C119,2014,0
256A3R70C119,2014,0
256BAR70D119,2014,0
256BM230D119,2014,3
256BMR70D119,2014,1
256K2130C119,2014,0
256K2230C119,2014,0
256K2R50C119,2014,3
256K2R70C119,2014,0
525211301119,2014,0
525321100119,2014,0
525321200119,2014,2
52532R200119,2014,3
52532U200119,2014,0
525331100119,2014,0
525331200119,2014,9
52533R200119,2014,0
52533U200119,2014,0
525351101119,2014,0
525351201119,2014,7
52535R201119,2014,2
52535U201119,2014,0
525361101119,2014,0
525361201119,2014,21
52536R201119,2014,5
52536U201119,2014,0
525701100119,2014,0
525701200119,2014,6
525701201119,2014,1
52570R200119,2014,0
52570R201119,2014,0
525721100119,2014,0
525721200119,2014,3
525721201119,2014,0
52572R200119,2014,0
52572R201119,2014,0
52572U200119,2014,0
526321200119,2014,2
52632U200119,2014,0
526701100119,2014,0
526701200119,2014,0
526701201119,2014,0
526721200119,2014,0
526721201119,2014,0
536111101119,2014,1
536111201119,2014,2
536111301119,2014,2
536111701119,2014,9
53613120C119,2014,0
53613130C119,2014,0
53613170C119,2014,0
536132I0C119,2014,0
53613R50C119,2014,5
53613RI0C119,2014,0
536141101119,2014,0
536141201119,2014,2
536141301119,2014,0
53614R501119,2014,0
53615130D119,2014,0
53615170D119,2014,1
536721101119,2014,1
53672110C119,2014,0
53672110D119,2014,4
536721201119,2014,1
53672120C119,2014,2
53672120D119,2014,5
536721301119,2014,1
53672130C119,2014,2
53672130D119,2014,6
536721701119,2014,5
53672170C119,2014,6
53672170D119,2014,19
53672R501119,2014,0
53672R50C119,2014,0
53672R50D119,2014,0
536A6110C119,2014,0
536A6120C119,2014,4
536A6130C119,2014,10
536A6170C119,2014,6
536A6R50C119,2014,17
536AC110C119,2014,0
536AC120C119,2014,1
536AC120D119,2014,4
536AC130C119,2014,4
536AC130D119,2014,6
536AC170C119,2014,5
536AC170D119,2014,13
536ACR50C119,2014,7
536ACR50D119,2014,12
15529U100119,2019,0
15537U101119,2019,0
15549R20C119,2019,0
155A0P30C119,2019,0
22425R50D119,2019,5
224AKR50D119,2019,2
224BM130D119,2019,0
224BMR50D119,2019,0
22525120D119,2019,0
22525130C119,2019,5
22525130D119,2019,38
22525170C119,2019,0
22525170D119,2019,3
22525R50C119,2019,3
22525R50D119,2019,23
225721101119,2019,0
22572110D119,2019,1
225721201119,2019,2
22572120D119,2019,2
225721301119,2019,0
22572130D119,2019,16
225721701119,2019,4
22572170D119,2019,10
22572R501119,2019,0
22572R50D119,2019,3
225A3120C119,2019,0
225A3130C119,2019,6
225A3170C119,2019,0
225A3R50C119,2019,8
225A81101119,2019,0
225A8110C119,2019,0
225A8110D119,2019,0
225A81201119,2019,0
225A8120C119,2019,1
225A8120D119,2019,4
225A81301119,2019,0
225A8130C119,2019,5
225A8130D119,2019,23
225A81701119,2019,3
225A8170C119,2019,3
225A8170D119,2019,6
225A8R501119,2019,0
225A8R50C119,2019,3
225A8R50D119,2019,8
225AK120D119,2019,0
225AK130D119,2019,64
225AK170D119,2019,3
225AKR50D119,2019,23
225AR110C119,2019,0
225AR120C119,2019,0
225AR130C119,2019,0
225ARR50C119,2019,0
225BM130D119,2019,34
225BMR50D119,2019,29
225BTP50D119,2019,1
22725120C119,2019,0
22725170C119,2019,3
227A8120C119,2019,3
227A8170C119,2019,49
23425130D119,2019,0
23425170D119,2019,0
23468130C119,2019,0
23468R50C119,2019,0
23472120D119,2019,0
234791200119,2019,0
234A3130C119,2019,1
234A8120D119,2019,0
234A8130D119,2019,0
234A8170D119,2019,0
234A8R50C119,2019,0
234A8R50D119,2019,0
234AK120D119,2019,0
234AK130D119,2019,0
234AK170D119,2019,0
234BM120D119,2019,0
234BM130D119,2019,0
234BMR50D119,2019,0
23525120D119,2019,0
23525130D119,2019,1
23525170D119,2019,0
23525R50D119,2019,0
23568120C119,2019,1
23568130C119,2019,3
23568170C119,2019,0
23568R50C119,2019,2
23572110D119,2019,0
235721201119,2019,0
23572120D119,2019,1
235721301119,2019,0
23572130D119,2019,0
235721701119,2019,0
23572170D119,2019,0
23572R50D119,2019,0
235A3120C119,2019,0
235A3130C119,2019,0
235A3R50C119,2019,0
235A81101119,2019,0
235A8110C119,2019,0
235A8110D119,2019,0
235A81201119,2019,0
235A8120C119,2019,0
235A8120D119,2019,2
235A81301119,2019,0
235A8130C119,2019,0
235A8130D119,2019,6
235A81701119,2019,0
235A8170C119,2019,0
235A8170D119,2019,2
235A8R501119,2019,0
235A8R50C119,2019,0
235A8R50D119,2019,1
235AK110D119,2019,0
235AK120D119,2019,0
235AK130D119,2019,1
235AK170D119,2019,0
235AKR50D119,2019,1
235AR110C119,2019,0
235AR130C119,2019,0
235BM130D119,2019,16
235BMR50D119,2019,7
23625120C119,2019,0
23625130C119,2019,1
23625A30C119,2019,0
23668120C119,2019,0
23668130C119,2019,9
23668170C119,2019,3
23668A30C119,2019,1
236A3130C119,2019,0
236A3A30C119,2019,0
236A8120C119,2019,2
236A8130C119,2019,4
236A8170C119,2019,1
236A8A30C119,2019,0
24610120C119,2019,0
24625120C119,2019,0
24625120D119,2019,0
24625130C119,2019,6
24625130D119,2019,1
24625170C119,2019,1
24625170D119,2019,0
24625R50C119,2019,2
24625R50D119,2019,0
24668120C119,2019,0
24668130C119,2019,2
24668IB0C119,2019,0
24668R50C119,2019,0
24668UC0C119,2019,0
246A2130C119,2019,0
246A3120C119,2019,0
246A3130C119,2019,1
246A3170C119,2019,0
246A3R50C119,2019,1
246A81201119,2019,0
246A81204119,2019,0
246A8120C119,2019,0
246A8120D119,2019,4
246A81301119,2019,0
246A81304119,2019,0
246A8130C119,2019,2
246A8130D119,2019,37
246A81701119,2019,4
246A81704119,2019,2
246A8170D119,2019,59
246A8IB0C119,2019,0
246A8MA0C119,2019,0
246A8R501119,2019,0
246A8R504119,2019,0
246A8R50C119,2019,2
246A8R50D119,2019,36
246AK120D119,2019,1
246AK130D119,2019,3
246AK170D119,2019,10
246AKR50D119,2019,16
246AR1201119,2019,0
246AR1301119,2019,0
246AR1701119,2019,6
246ARR501119,2019,0
246BM120D119,2019,0
246BM130D119,2019,31
246BMR50D119,2019,22
246BTP50D119,2019,0
246K2120C119,2019,0
246K2130C119,2019,29
246K2170C119,2019,6
246K2R50C119,2019,14
246K5120C119,2019,0
246K5130C119,2019,19
246K5170C119,2019,23
246K5R50C119,2019,19
25625120C119,2019,0
25625130C119,2019,0
25625220C119,2019,0
25625230C119,2019,0
25625270C119,2019,1
25625R50C119,2019,0
25625R70C119,2019,0
25668120C119,2019,2
25668130C119,2019,6
25668220C119,2019,2
25668230C119,2019,8
25668MB0C119,2019,0
25668R50C119,2019,1
25668R70C119,2019,1
25668TB0C119,2019,0
25668TC0C119,2019,0
25668UC0C119,2019,0
25668VC0C119,2019,0
256A3120C119,2019,0
256A3130C119,2019,1
256A3170C119,2019,0
256A3220C119,2019,0
256A3230C119,2019,2
256A3270C119,2019,0
256A3R50C119,2019,0
256A3R70C119,2019,0
256BAR70D119,2019,0
256BM230D119,2019,32
256BMR70D119,2019,14
256K2120C119,2019,0
256K2130C119,2019,24
256K2170C119,2019,6
256K2220C119,2019,0
256K2230C119,2019,16
256K2270C119,2019,6
256K2R50C119,2019,7
256K2R70C119,2019,10
525211301119,2019,0
525321100119,2019,0
525321200119,2019,1
52532R200119,2019,2
52532U200119,2019,0
525331100119,2019,0
525331200119,2019,7
52533R200119,2019,0
52533U200119,2019,0
525351101119,2019,0
525351201119,2019,4
52535R201119,2019,2
52535U201119,2019,0
525361101119,2019,0
525361201119,2019,22
525361301119,2019,0
52536R201119,2019,3
52536U201119,2019,0
525701100119,2019,0
525701101119,2019,0
525701200119,2019,3
525701201119,2019,1
52570R200119,2019,0
52570R201119,2019,0
525721100119,2019,0
525721200119,2019,3
525721201119,2019,0
52572R200119,2019,0
52572R201119,2019,0
52572U200119,2019,0
526321200119,2019,0
52632U200119,2019,0
526701100119,2019,0
526701101119,2019,0
526701200119,2019,0
526701201119,2019,0
526721200119,2019,0
526721201119,2019,0
536111101119,2019,1
536111201119,2019,2
536111301119,2019,1
536111701119,2019,8
53613120C119,2019,0
53613130C119,2019,6
53613170C119,2019,1
536132I0C119,2019,0
53613R50C119,2019,5
53613RI0C119,2019,0
536141101119,2019,0
536141201119,2019,2
536141301119,2019,0
53614R501119,2019,0
53615110D119,2019,1
53615120D119,2019,1
53615130D119,2019,7
53615170D119,2019,8
536721101119,2019,1
53672110C119,2019,0
53672110D119,2019,3
536721201119,2019,1
53672120C119,2019,2
53672120D119,2019,5
536721301119,2019,1
53672130C119,2019,2
53672130D119,2019,6
536721701119,2019,4
53672170C119,2019,6
53672170D119,2019,15
53672R501119,2019,0
53672R50C119,2019,0
53672R50D119,2019,0
536A6110C119,2019,0
536A6120C119,2019,3
536A6130C119,2019,10
536A6170C119,2019,14
536A6R50C119,2019,17
536AC110C119,2019,0
536AC120C119,2019,4
536AC120D119,2019,4
536AC130C119,2019,4
536AC130D119,2019,6
536AC170C119,2019,6
536AC170D119,2019,13
536ACR50C119,2019,7
536ACR50D119,2019,13
15529U100119,1924,0
15537U101119,1924,0
15549R20C119,1924,0
155A0P30C119,1924,0
22425R50D119,1924,8
224AKR50D119,1924,4
224BM130D119,1924,0
224BMR50D119,1924,0
22525120D119,1924,0
22525130C119,1924,0
22525130D119,1924,0
22525170C119,1924,0
22525170D119,1924,0
22525R50C119,1924,0
22525R50D119,1924,0
225721101119,1924,0
22572110D119,1924,1
225721201119,1924,0
22572120D119,1924,0
225721301119,1924,0
22572130D119,1924,3
225721701119,1924,1
22572170D119,1924,5
22572R501119,1924,0
22572R50D119,1924,3
225A3120C119,1924,0
225A3130C119,1924,0
225A3170C119,1924,0
225A3R50C119,1924,1
225A81101119,1924,0
225A8110C119,1924,0
225A8110D119,1924,0
225A81201119,1924,0
225A8120C119,1924,1
225A8120D119,1924,1
225A81301119,1924,0
225A8130C119,1924,4
225A8130D119,1924,11
225A81701119,1924,2
225A8170C119,1924,1
225A8170D119,1924,3
225A8R501119,1924,0
225A8R50C119,1924,2
225A8R50D119,1924,7
225AK110D119,1924,0
225AK120D119,1924,0
225AK130D119,1924,2
225AK170D119,1924,1
225AKR50D119,1924,0
225AR110C119,1924,0
225AR120C119,1924,0
225AR130C119,1924,0
225ARR50C119,1924,0
225BM130D119,1924,12
225BMR50D119,1924,13
225BTP50D119,1924,0
22725120C119,1924,0
22725170C119,1924,1
227A8120C119,1924,2
227A8170C119,1924,4
23425130D119,1924,0
23425170D119,1924,0
23468130C119,1924,0
23468R50C119,1924,0
23472120D119,1924,0
234791200119,1924,0
234A3130C119,1924,0
234A3R50C119,1924,0
234A8120D119,1924,0
234A8130D119,1924,0
234A8170D119,1924,0
234A8R50C119,1924,0
234A8R50D119,1924,0
234AK120D119,1924,0
234AK130D119,1924,0
234AK170D119,1924,0
234BM120D119,1924,0
234BM130D119,1924,0
234BMR50D119,1924,0
23525120D119,1924,0
23525130D119,1924,1
23525170D119,1924,0
23525R50D119,1924,0
23568120C119,1924,0
23568130C119,1924,3
23568170C119,1924,0
23568R50C119,1924,2
23572110D119,1924,0
235721201119,1924,0
23572120D119,1924,1
235721301119,1924,0
23572130D119,1924,0
235721701119,1924,0
23572170D119,1924,1
23572R50D119,1924,0
235A3120C119,1924,0
235A3130C119,1924,1
235A3170C119,1924,0
235A3R50C119,1924,0
235A81101119,1924,0
235A8110C119,1924,0
235A8110D119,1924,0
235A81201119,1924,0
235A8120C119,1924,0
235A8120D119,1924,2
235A81301119,1924,0
235A8130C119,1924,1
235A8130D119,1924,4
235A81701119,1924,0
235A8170C119,1924,0
235A8170D119,1924,3
235A8R501119,1924,0
235A8R50C119,1924,1
235A8R50D119,1924,2
235AK110D119,1924,0
235AK120D119,1924,0
235AK130D119,1924,1
235AK170D119,1924,1
235AKR50D119,1924,1
235AR110C119,1924,0
235AR130C119,1924,0
235BM130D119,1924,5
235BMR50D119,1924,3
23625120C119,1924,0
23625130C119,1924,1
23625170C119,1924,0
23625A30C119,1924,0
23668120C119,1924,0
23668130C119,1924,9
23668170C119,1924,1
23668A30C119,1924,0
236A3130C119,1924,0
236A3A30C119,1924,0
236A8120C119,1924,2
236A8130C119,1924,6
236A8170C119,1924,1
236A8A30C119,1924,0
24610120C119,1924,0
24625120C119,1924,0
24625120D119,1924,0
24625130C119,1924,6
24625130D119,1924,1
24625170C119,1924,1
24625170D119,1924,0
24625R50C119,1924,2
24625R50D119,1924,0
24668120C119,1924,0
24668130C119,1924,0
24668IB0C119,1924,0
24668R50C119,1924,0
24668UC0C119,1924,0
246A2130C119,1924,0
246A3120C119,1924,0
246A3130C119,1924,1
246A3170C119,1924,0
246A3R50C119,1924,0
246A81201119,1924,0
246A81204119,1924,0
246A8120C119,1924,0
246A8120D119,1924,2
246A81301119,1924,0
246A81304119,1924,0
246A8130C119,1924,1
246A8130D119,1924,26
246A81701119,1924,1
246A81704119,1924,2
246A8170D119,1924,24
246A8IB0C119,1924,0
246A8MA0C119,1924,0
246A8R501119,1924,0
246A8R504119,1924,0
246A8R50C119,1924,0
246A8R50D119,1924,12
246AK120D119,1924,0
246AK130D119,1924,7
246AK170D119,1924,1
246AKR50D119,1924,4
246AR1201119,1924,1
246AR1301119,1924,0
246AR1701119,1924,3
246ARR501119,1924,0
246BM120D119,1924,0
246BM130D119,1924,13
246BMR50D119,1924,12
246BTP50D119,1924,0
246K2120C119,1924,0
246K2130C119,1924,12
246K2170C119,1924,0
246K2R50C119,1924,7
246K5120C119,1924,0
246K5130C119,1924,18
246K5170C119,1924,6
246K5R50C119,1924,9
25625120C119,1924,0
25625130C119,1924,0
25625170C119,1924,0
25625220C119,1924,0
25625230C119,1924,0
25625270C119,1924,0
25625R50C119,1924,0
25625R70C119,1924,0
25668120C119,1924,1
25668130C119,1924,5
25668220C119,1924,0
25668230C119,1924,6
25668IC0C119,1924,0
25668MB0C119,1924,0
25668R50C119,1924,2
25668R70C119,1924,5
25668TB0C119,1924,0
25668TC0C119,1924,0
25668UC0C119,1924,0
25668VC0C119,1924,0
256A3120C119,1924,0
256A3130C119,1924,1
256A3170C119,1924,0
256A3220C119,1924,0
256A3230C119,1924,1
256A3270C119,1924,0
256A3R50C119,1924,0
256A3R70C119,1924,0
256BAR70D119,1924,0
256BM220D119,1924,0
256BM230D119,1924,9
256BMR70D119,1924,8
256K2120C119,1924,0
256K2130C119,1924,12
256K2170C119,1924,2
256K2220C119,1924,0
256K2230C119,1924,14
256K2270C119,1924,5
256K2R50C119,1924,7
256K2R70C119,1924,5
525211301119,1924,0
525321100119,1924,0
525321200119,1924,2
52532R200119,1924,2
52532U200119,1924,0
525331100119,1924,0
525331200119,1924,6
52533R200119,1924,0
52533U200119,1924,0
525351101119,1924,0
525351201119,1924,3
52535R201119,1924,2
52535U201119,1924,0
525361101119,1924,0
525361201119,1924,14
525361301119,1924,0
52536R201119,1924,2
52536U201119,1924,0
525701100119,1924,0
525701101119,1924,0
525701200119,1924,2
525701201119,1924,1
52570R200119,1924,0
52570R201119,1924,0
525721100119,1924,0
525721101119,1924,0
525721200119,1924,3
525721201119,1924,1
52572R200119,1924,1
52572R201119,1924,0
52572U200119,1924,0
526321200119,1924,2
52632U200119,1924,0
526701100119,1924,0
526701101119,1924,0
526701200119,1924,0
526701201119,1924,0
526721200119,1924,0
526721201119,1924,0
536111101119,1924,1
536111201119,1924,2
536111301119,1924,2
536111701119,1924,5
53613120C119,1924,0
53613130C119,1924,2
53613170C119,1924,1
536132I0C119,1924,0
53613R50C119,1924,5
53613RI0C119,1924,0
536141101119,1924,0
536141201119,1924,2
536141301119,1924,0
53614R501119,1924,0
53615110D119,1924,1
53615120D119,1924,1
53615130D119,1924,9
53615170D119,1924,8
536721101119,1924,1
53672110C119,1924,0
53672110D119,1924,3
536721201119,1924,1
53672120C119,1924,1
53672120D119,1924,3
536721301119,1924,4
53672130C119,1924,2
53672130D119,1924,6
536721701119,1924,4
53672170C119,1924,2
53672170D119,1924,9
53672R501119,1924,0
53672R50C119,1924,0
53672R50D119,1924,0
536A6110C119,1924,0
536A6120C119,1924,3
536A6130C119,1924,10
536A6170C119,1924,8
536A6R50C119,1924,17
536AC110C119,1924,0
536AC120C119,1924,1
536AC120D119,1924,2
536AC130C119,1924,4
536AC130D119,1924,6
536AC170C119,1924,4
536AC170D119,1924,9
536ACR50C119,1924,7
536ACR50D119,1924,22
15529U100119,1932,0
15537U101119,1932,0
15549R20C119,1932,0
155A0P30C119,1932,0
22425R50D119,1932,3
224AKR50D119,1932,4
224BM130D119,1932,0
224BMR50D119,1932,0
22525120D119,1932,0
22525130C119,1932,0
22525130D119,1932,1
22525170C119,1932,0
22525170D119,1932,0
22525R50C119,1932,0
22525R50D119,1932,1
225721101119,1932,0
22572110D119,1932,1
225721201119,1932,0
22572120D119,1932,1
225721301119,1932,0
22572130D119,1932,2
225721701119,1932,0
22572170D119,1932,4
22572R501119,1932,0
22572R50D119,1932,2
225A3120C119,1932,0
225A3130C119,1932,0
225A3170C119,1932,0
225A3R50C119,1932,1
225A81101119,1932,0
225A8110C119,1932,0
225A8110D119,1932,0
225A81201119,1932,0
225A8120C119,1932,0
225A8120D119,1932,0
225A81301119,1932,0
225A8130C119,1932,3
225A8130D119,1932,10
225A81701119,1932,1
225A8170C119,1932,0
225A8170D119,1932,2
225A8R501119,1932,0
225A8R50C119,1932,1
225A8R50D119,1932,4
225AK110D119,1932,0
225AK120D119,1932,0
225AK130D119,1932,1
225AK170D119,1932,0
225AKR50D119,1932,0
225AR110C119,1932,0
225AR120C119,1932,0
225AR130C119,1932,0
225ARR50C119,1932,0
225BM130D119,1932,7
225BMR50D119,1932,8
225BTP50D119,1932,0
22725120C119,1932,0
22725170C119,1932,0
227A8120C119,1932,2
227A8170C119,1932,3
23425130D119,1932,0
23425170D119,1932,0
23468130C119,1932,0
23468170C119,1932,0
23468R50C119,1932,0
23472120D119,1932,0
234791200119,1932,0
234A3130C119,1932,0
234A3R50C119,1932,0
234A8120D119,1932,0
234A8130D119,1932,0
234A8170D119,1932,0
234A8R50C119,1932,0
234A8R50D119,1932,0
234AK120D119,1932,0
234AK130D119,1932,0
234AK170D119,1932,0
234BAR50D119,1932,0
234BM120D119,1932,0
234BM130D119,1932,1
234BMR50D119,1932,0
23525120D119,1932,0
23525130D119,1932,1
23525170D119,1932,0
23525R50D119,1932,0
23568120C119,1932,0
23568130C119,1932,3
23568170C119,1932,0
23568R50C119,1932,2
235721101119,1932,0
23572110D119,1932,0
235721201119,1932,0
23572120D119,1932,1
235721301119,1932,0
23572130D119,1932,0
235721701119,1932,0
23572170D119,1932,0
23572R50D119,1932,0
235A3120C119,1932,0
235A3130C119,1932,0
235A3170C119,1932,0
235A3R50C119,1932,0
235A81101119,1932,0
235A8110C119,1932,0
235A8110D119,1932,0
235A81201119,1932,0
235A8120C119,1932,0
235A8120D119,1932,2
235A81301119,1932,0
235A8130C119,1932,1
235A8130D119,1932,4
235A81701119,1932,0
235A8170C119,1932,0
235A8170D119,1932,3
235A8R501119,1932,0
235A8R50C119,1932,0
235A8R50D119,1932,5
235AK110D119,1932,0
235AK120D119,1932,0
235AK130D119,1932,3
235AK170D119,1932,1
235AKR50D119,1932,3
235AR110C119,1932,0
235AR130C119,1932,0
235BM130D119,1932,2
235BMR50D119,1932,3
23625120C119,1932,0
23625130C119,1932,1
23625170C119,1932,0
23625A30C119,1932,0
23668120C119,1932,0
23668130C119,1932,8
23668170C119,1932,0
23668A30C119,1932,0
236A3130C119,1932,0
236A3A30C119,1932,0
236A8120C119,1932,1
236A8130C119,1932,4
236A8170C119,1932,0
236A8A30C119,1932,0
24610120C119,1932,0
24625120C119,1932,0
24625120D119,1932,0
24625130C119,1932,6
24625130D119,1932,1
24625170C119,1932,1
24625170D119,1932,0
24625R50C119,1932,4
24625R50D119,1932,0
24668120C119,1932,0
24668130C119,1932,0
24668IB0C119,1932,0
24668R50C119,1932,0
24668UC0C119,1932,0
246A2130C119,1932,0
246A3120C119,1932,0
246A3130C119,1932,0
246A3170C119,1932,0
246A3R50C119,1932,1
246A81201119,1932,0
246A81204119,1932,0
246A8120C119,1932,0
246A8120D119,1932,0
246A81301119,1932,0
246A81304119,1932,0
246A8130C119,1932,0
246A8130D119,1932,29
246A81701119,1932,4
246A81704119,1932,0
246A8170D119,1932,33
246A8IB0C119,1932,0
246A8MA0C119,1932,0
246A8R501119,1932,0
246A8R504119,1932,0
246A8R50C119,1932,0
246A8R50D119,1932,33
246AK120D119,1932,0
246AK130D119,1932,6
246AK170D119,1932,5
246AKR50D119,1932,4
246AR1201119,1932,1
246AR1301119,1932,0
246AR1701119,1932,3
246ARR501119,1932,0
246BM120D119,1932,0
246BM130D119,1932,16
246BMR50D119,1932,11
246BTP50D119,1932,0
246K2120C119,1932,0
246K2130C119,1932,15
246K2170C119,1932,2
246K2R50C119,1932,8
246K5120C119,1932,0
246K5130C119,1932,12
246K5170C119,1932,7
246K5R50C119,1932,8
246L1130D119,1932,0
246L1R50D119,1932,0
25606130C119,1932,0
25625120C119,1932,0
25625130C119,1932,0
25625170C119,1932,0
25625220C119,1932,0
25625230C119,1932,0
25625270C119,1932,0
25625R50C119,1932,0
25625R70C119,1932,0
25668120C119,1932,1
25668130C119,1932,1
25668220C119,1932,0
25668230C119,1932,4
25668IC0C119,1932,0
25668MB0C119,1932,0
25668R50C119,1932,0
25668R70C119,1932,2
25668TB0C119,1932,0
25668TC0C119,1932,0
25668UB0C119,1932,0
25668UC0C119,1932,0
25668VC0C119,1932,0
256A3120C119,1932,0
256A3130C119,1932,1
256A3170C119,1932,0
256A3220C119,1932,0
256A3230C119,1932,1
256A3270C119,1932,0
256A3R50C119,1932,0
256A3R70C119,1932,0
256BAR70D119,1932,0
256BM220D119,1932,0
256BM230D119,1932,15
256BMR70D119,1932,6
256K2120C119,1932,0
256K2130C119,1932,20
256K2170C119,1932,3
256K2220C119,1932,0
256K2230C119,1932,18
256K2270C119,1932,4
256K2R50C119,1932,10
256K2R70C119,1932,9
525211301119,1932,0
525321100119,1932,0
525321200119,1932,3
52532R200119,1932,2
52532U200119,1932,0
525331100119,1932,0
525331200119,1932,3
52533R200119,1932,0
52533U200119,1932,0
525351101119,1932,0
525351201119,1932,2
52535R201119,1932,2
52535U201119,1932,0
525361101119,1932,0
525361201119,1932,16
525361301119,1932,0
52536R201119,1932,3
52536U201119,1932,0
525701100119,1932,0
525701101119,1932,0
525701200119,1932,2
525701201119,1932,0
52570R200119,1932,0
52570R201119,1932,0
525721100119,1932,0
525721101119,1932,0
525721200119,1932,3
525721201119,1932,1
52572R200119,1932,1
52572R201119,1932,2
52572U200119,1932,0
526321200119,1932,2
52632U200119,1932,0
526701100119,1932,0
526701101119,1932,0
526701200119,1932,0
526701201119,1932,0
526721200119,1932,0
526721201119,1932,0
536111101119,1932,1
536111201119,1932,0
536111301119,1932,3
536111701119,1932,4
53613120C119,1932,0
53613130C119,1932,2
53613170C119,1932,0
536132I0C119,1932,0
53613R50C119,1932,3
53613RI0C119,1932,0
536141101119,1932,0
536141201119,1932,1
536141301119,1932,0
53614R501119,1932,0
53615110D119,1932,0
53615120D119,1932,1
53615130D119,1932,8
53615170D119,1932,5
536721101119,1932,0
53672110C119,1932,0
53672110D119,1932,1
536721201119,1932,1
53672120C119,1932,0
53672120D119,1932,2
536721301119,1932,2
53672130C119,1932,2
53672130D119,1932,9
536721701119,1932,4
53672170C119,1932,3
53672170D119,1932,14
53672R501119,1932,0
53672R50C119,1932,0
53672R50D119,1932,0
536A6110C119,1932,0
536A6120C119,1932,1
536A6130C119,1932,9
536A6170C119,1932,9
536A6R50C119,1932,16
536AC110C119,1932,0
536AC120C119,1932,0
536AC120D119,1932,0
536AC130C119,1932,4
536AC130D119,1932,6
536AC170C119,1932,3
536AC170D119,1932,9
536ACR50C119,1932,7
536ACR50D119,1932,18
536BB170F119,1932,0
15529U100119,1936,0
15537U101119,1936,0
15549R20C119,1936,0
155A0P30C119,1936,0
22425R50D119,1936,8
224AKR50D119,1936,10
224BM130D119,1936,1
224BMR50D119,1936,0
22525120D119,1936,0
22525130C119,1936,0
22525130D119,1936,3
22525170C119,1936,0
22525170D119,1936,0
22525R50C119,1936,0
22525R50D119,1936,0
225721101119,1936,0
22572110D119,1936,1
225721201119,1936,0
22572120D119,1936,1
225721301119,1936,0
22572130D119,1936,7
225721701119,1936,3
22572170D119,1936,7
22572R501119,1936,0
22572R50D119,1936,1
225A3120C119,1936,0
225A3130C119,1936,2
225A3170C119,1936,0
225A3R50C119,1936,0
225A81101119,1936,0
225A8110C119,1936,0
225A8110D119,1936,0
225A81201119,1936,0
225A8120C119,1936,0
225A8120D119,1936,1
225A81301119,1936,0
225A8130C119,1936,1
225A8130D119,1936,10
225A81701119,1936,1
225A8170C119,1936,0
225A8170D119,1936,5
225A8R501119,1936,0
225A8R50C119,1936,1
225A8R50D119,1936,6
225AK110D119,1936,0
225AK120D119,1936,0
225AK130D119,1936,1
225AK170D119,1936,1
225AKR50D119,1936,2
225AR110C119,1936,0
225AR120C119,1936,0
225AR130C119,1936,0
225ARR50C119,1936,0
225BM130D119,1936,15
225BMR50D119,1936,10
225BTP50D119,1936,2
22725120C119,1936,0
22725170C119,1936,2
227A8120C119,1936,3
227A8170C119,1936,4
23425130D119,1936,0
23425170D119,1936,0
23468130C119,1936,0
23468170C119,1936,0
23468R50C119,1936,0
23472120D119,1936,0
234791200119,1936,0
234A3130C119,1936,0
234A3R50C119,1936,0
234A8120D119,1936,0
234A8130D119,1936,0
234A8170D119,1936,3
234A8R50C119,1936,0
234A8R50D119,1936,0
234AK120D119,1936,0
234AK130D119,1936,0
234AK170D119,1936,0
234BAR50D119,1936,0
234BM120D119,1936,0
234BM130D119,1936,0
234BMR50D119,1936,0
23525120D119,1936,0
23525130D119,1936,1
23525170D119,1936,0
23525R50D119,1936,0
23568120C119,1936,0
23568130C119,1936,6
23568170C119,1936,0
23568R50C119,1936,15
235721101119,1936,0
23572110D119,1936,0
235721201119,1936,0
23572120D119,1936,0
235721301119,1936,0
23572130D119,1936,0
235721701119,1936,0
23572170D119,1936,1
23572R50D119,1936,0
235A3120C119,1936,0
235A3130C119,1936,0
235A3170C119,1936,0
235A3R50C119,1936,0
235A81101119,1936,0
235A8110C119,1936,0
235A8110D119,1936,0
235A81201119,1936,0
235A8120C119,1936,0
235A8120D119,1936,1
235A81301119,1936,0
235A8130C119,1936,1
235A8130D119,1936,13
235A81701119,1936,0
235A8170C119,1936,0
235A8170D119,1936,5
235A8R501119,1936,0
235A8R50C119,1936,0
235A8R50D119,1936,8
235AK110D119,1936,0
235AK120D119,1936,0
235AK130D119,1936,4
235AK170D119,1936,1
235AKR50D119,1936,4
235AR110C119,1936,0
235AR130C119,1936,0
235BM130D119,1936,5
235BMR50D119,1936,2
23625120C119,1936,0
23625130C119,1936,1
23625170C119,1936,0
23625A30C119,1936,0
23668120C119,1936,0
23668130C119,1936,8
23668170C119,1936,1
23668A30C119,1936,0
236A3130C119,1936,0
236A3A30C119,1936,0
236A8120C119,1936,1
236A8130C119,1936,10
236A8170C119,1936,1
236A8A30C119,1936,0
24610120C119,1936,0
24625120C119,1936,0
24625120D119,1936,0
24625130C119,1936,5
24625130D119,1936,1
24625170C119,1936,3
24625170D119,1936,0
24625R50C119,1936,4
24625R50D119,1936,0
24668120C119,1936,0
24668130C119,1936,0
24668IB0C119,1936,0
24668R50C119,1936,0
24668UC0C119,1936,0
246A2130C119,1936,0
246A3120C119,1936,0
246A3130C119,1936,38
246A3170C119,1936,0
246A3R50C119,1936,2
246A81201119,1936,0
246A81204119,1936,0
246A8120C119,1936,0
246A8120D119,1936,1
246A81301119,1936,0
246A81304119,1936,0
246A8130C119,1936,0
246A8130D119,1936,37
246A81701119,1936,3
246A81704119,1936,2
246A8170D119,1936,57
246A8IB0C119,1936,0
246A8MA0C119,1936,0
246A8R501119,1936,0
246A8R504119,1936,0
246A8R50C119,1936,0
246A8R50D119,1936,41
246AK120D119,1936,0
246AK130D119,1936,9
246AK170D119,1936,3
246AKR50D119,1936,5
246AR1201119,1936,0
246AR1301119,1936,0
246AR1701119,1936,5
246ARR501119,1936,0
246BM120D119,1936,0
246BM130D119,1936,14
246BMR50D119,1936,11
246BTP50D119,1936,0
246K2120C119,1936,0
246K2130C119,1936,26
246K2170C119,1936,2
246K2R50C119,1936,32
246K5120C119,1936,0
246K5130C119,1936,54
246K5170C119,1936,11
246K5R50C119,1936,18
246L1130C119,1936,0
246L1130D119,1936,1
246L1170C119,1936,0
246L1R50C119,1936,0
246L1R50D119,1936,0
25606130C119,1936,0
25606R50C119,1936,0
25606R70C119,1936,0
25625120C119,1936,0
25625130C119,1936,0
25625170C119,1936,0
25625220C119,1936,0
25625230C119,1936,0
25625270C119,1936,0
25625R50C119,1936,0
25625R70C119,1936,0
25668120C119,1936,0
25668130C119,1936,2
25668220C119,1936,1
25668230C119,1936,1
25668IC0C119,1936,0
25668MB0C119,1936,0
25668R50C119,1936,0
25668R70C119,1936,1
25668TB0C119,1936,0
25668TC0C119,1936,0
25668UB0C119,1936,0
25668UC0C119,1936,0
25668VC0C119,1936,0
256A3120C119,1936,0
256A3130C119,1936,1
256A3170C119,1936,0
256A3220C119,1936,0
256A3230C119,1936,1
256A3270C119,1936,0
256A3R50C119,1936,0
256A3R70C119,1936,0
256BAR70D119,1936,0
256BM220D119,1936,0
256BM230D119,1936,36
256BMR70D119,1936,8
256K2120C119,1936,0
256K2130C119,1936,77
256K2170C119,1936,9
256K2220C119,1936,0
256K2230C119,1936,34
256K2270C119,1936,4
256K2R50C119,1936,20
256K2R70C119,1936,15
256L1270C119,1936,0
525211301119,1936,0
525321100119,1936,0
525321200119,1936,2
52532R200119,1936,3
52532U200119,1936,0
525331100119,1936,0
525331200119,1936,3
52533R200119,1936,0
52533U200119,1936,0
525351101119,1936,0
525351201119,1936,5
52535R201119,1936,3
52535U201119,1936,0
525361101119,1936,0
525361201119,1936,15
525361301119,1936,0
52536R201119,1936,3
52536U201119,1936,0
525701100119,1936,0
525701101119,1936,0
525701200119,1936,2
525701201119,1936,0
52570R200119,1936,0
52570R201119,1936,0
525721100119,1936,0
525721101119,1936,0
525721200119,1936,2
525721201119,1936,0
52572R200119,1936,1
52572R201119,1936,1
52572U200119,1936,0
526321200119,1936,3
52632U200119,1936,0
526701100119,1936,0
526701101119,1936,0
526701200119,1936,0
526701201119,1936,0
526721200119,1936,0
526721201119,1936,0
536111101119,1936,0
536111201119,1936,0
536111301119,1936,4
536111701119,1936,10
53613120C119,1936,0
53613130C119,1936,1
53613170C119,1936,0
536132I0C119,1936,0
53613R50C119,1936,3
53613RI0C119,1936,0
536141101119,1936,0
536141201119,1936,0
536141301119,1936,0
53614R501119,1936,0
53615110D119,1936,0
53615120D119,1936,1
53615130D119,1936,27
53615170D119,1936,7
536721101119,1936,0
53672110C119,1936,0
53672110D119,1936,1
536721201119,1936,1
53672120C119,1936,0
53672120D119,1936,0
536721301119,1936,4
53672130C119,1936,2
53672130D119,1936,11
536721701119,1936,4
53672170C119,1936,3
53672170D119,1936,16
53672R501119,1936,0
53672R50C119,1936,0
53672R50D119,1936,0
536A6110C119,1936,0
536A6120C119,1936,1
536A6130C119,1936,9
536A6170C119,1936,9
536A6R50C119,1936,17
536AC110C119,1936,0
536AC120C119,1936,0
536AC120D119,1936,0
536AC130C119,1936,4
536AC130D119,1936,6
536AC170C119,1936,3
536AC170D119,1936,10
536ACR50C119,1936,7
536ACR50D119,1936,17
536BB170F119,1936,0
15529U100119,1940,0
15537U101119,1940,0
15549R20C119,1940,0
155A0P30C119,1940,0
22425R50D119,1940,3
224AKR50D119,1940,2
224BM130D119,1940,0
224BMR50D119,1940,1
22525120D119,1940,0
22525130C119,1940,0
22525130D119,1940,1
22525170C119,1940,0
22525170D119,1940,0
22525R50C119,1940,0
22525R50D119,1940,1
225721101119,1940,0
22572110D119,1940,1
225721201119,1940,0
22572120D119,1940,0
225721301119,1940,0
22572130D119,1940,4
225721701119,1940,3
22572170D119,1940,8
22572R501119,1940,0
22572R50D119,1940,1
225A3120C119,1940,0
225A3130C119,1940,0
225A3170C119,1940,0
225A3R50C119,1940,2
225A81101119,1940,0
225A8110C119,1940,0
225A8110D119,1940,0
225A81201119,1940,0
225A8120C119,1940,0
225A8120D119,1940,0
225A81301119,1940,0
225A8130C119,1940,1
225A8130D119,1940,9
225A81701119,1940,1
225A8170C119,1940,1
225A8170D119,1940,8
225A8R501119,1940,0
225A8R50C119,1940,1
225A8R50D119,1940,6
225AK110D119,1940,0
225AK120D119,1940,0
225AK130D119,1940,3
225AK170D119,1940,1
225AKR50D119,1940,0
225AR110C119,1940,0
225AR120C119,1940,0
225AR130C119,1940,0
225ARR50C119,1940,0
225BF130D119,1940,0
225BFR50D119,1940,0
225BM130D119,1940,12
225BMR50D119,1940,14
225BTP50D119,1940,3
22725120C119,1940,0
22725170C119,1940,1
227A8120C119,1940,0
227A8170C119,1940,2
23425120D119,1940,0
23425130D119,1940,0
23425170D119,1940,0
23468130C119,1940,0
23468170C119,1940,0
23468R50C119,1940,0
23472120D119,1940,0
234791200119,1940,0
234A3130C119,1940,0
234A3R50C119,1940,0
234A8120D119,1940,0
234A8130D119,1940,0
234A8170D119,1940,0
234A8R50C119,1940,0
234A8R50D119,1940,0
234AK120D119,1940,0
234AK130D119,1940,0
234AK170D119,1940,0
234BAR50D119,1940,0
234BM120D119,1940,0
234BM130D119,1940,0
234BMR50D119,1940,0
23525120D119,1940,0
23525130D119,1940,1
23525170D119,1940,0
23525R50D119,1940,0
23568120C119,1940,0
23568130C119,1940,3
23568170C119,1940,0
23568R50C119,1940,3
235721101119,1940,0
23572110D119,1940,0
235721201119,1940,0
23572120D119,1940,0
235721301119,1940,0
23572130D119,1940,0
235721701119,1940,0
23572170D119,1940,1
23572R50D119,1940,0
235A3120C119,1940,0
235A3130C119,1940,0
235A3170C119,1940,0
235A3R50C119,1940,0
235A81101119,1940,0
235A8110C119,1940,0
235A8110D119,1940,0
235A81201119,1940,0
235A8120C119,1940,0
235A8120D119,1940,0
235A81301119,1940,0
235A8130C119,1940,1
235A8130D119,1940,5
235A81701119,1940,0
235A8170C119,1940,0
235A8170D119,1940,3
235A8R501119,1940,0
235A8R50C119,1940,0
235A8R50D119,1940,4
235AK110D119,1940,0
235AK120D119,1940,0
235AK130D119,1940,1
235AK170D119,1940,1
235AKR50D119,1940,2
235AR110C119,1940,0
235AR130C119,1940,0
235BM130D119,1940,3
235BMR50D119,1940,2
23625120C119,1940,0
23625130C119,1940,1
23625170C119,1940,0
23625A30C119,1940,0
23668120C119,1940,0
23668130C119,1940,8
23668170C119,1940,1
23668A30C119,1940,0
236A3130C119,1940,0
236A3A30C119,1940,0
236A8120C119,1940,0
236A8130C119,1940,4
236A8170C119,1940,0
236A8A30C119,1940,0
24606R50C119,1940,0
24610120C119,1940,0
24625120C119,1940,0
24625120D119,1940,0
24625130C119,1940,3
24625130D119,1940,1
24625170C119,1940,2
24625170D119,1940,0
24625R50C119,1940,3
24625R50D119,1940,0
24668120C119,1940,0
24668130C119,1940,0
24668IB0C119,1940,0
24668R50C119,1940,0
24668UC0C119,1940,0
246A2130C119,1940,0
246A3120C119,1940,0
246A3130C119,1940,2
246A3170C119,1940,0
246A3R50C119,1940,2
246A81201119,1940,0
246A81204119,1940,0
246A8120C119,1940,0
246A8120D119,1940,0
246A81301119,1940,0
246A81304119,1940,0
246A8130C119,1940,0
246A8130D119,1940,26
246A81701119,1940,3
246A81704119,1940,0
246A8170D119,1940,43
246A8IB0C119,1940,0
246A8MA0C119,1940,0
246A8R501119,1940,0
246A8R504119,1940,0
246A8R50C119,1940,0
246A8R50D119,1940,32
246AK120D119,1940,0
246AK130D119,1940,5
246AK170D119,1940,3
246AKR50D119,1940,4
246AR1201119,1940,0
246AR1301119,1940,0
246AR1701119,1940,3
246ARR501119,1940,0
246BM120D119,1940,0
246BM130D119,1940,14
246BMR50D119,1940,9
246BTP50D119,1940,0
246K2120C119,1940,0
246K2130C119,1940,10
246K2170C119,1940,0
246K2R50C119,1940,7
246K5120C119,1940,0
246K5130C119,1940,13
246K5170C119,1940,7
246K5R50C119,1940,8
246L1130C119,1940,1
246L1130D119,1940,0
246L1170C119,1940,0
246L1R50C119,1940,1
246L1R50D119,1940,0
25606130C119,1940,0
25606230C119,1940,0
25606R50C119,1940,0
25606R70C119,1940,0
25625120C119,1940,0
25625130C119,1940,0
25625170C119,1940,0
25625220C119,1940,0
25625230C119,1940,0
25625270C119,1940,0
25625R50C119,1940,0
25625R70C119,1940,0
25668120C119,1940,0
25668130C119,1940,1
25668220C119,1940,0
25668230C119,1940,1
25668IC0C119,1940,0
25668MB0C119,1940,0
25668R50C119,1940,0
25668R70C119,1940,0
25668TB0C119,1940,0
25668TC0C119,1940,0
25668UB0C119,1940,0
25668UC0C119,1940,0
25668VC0C119,1940,0
256A3120C119,1940,0
256A3130C119,1940,1
256A3170C119,1940,0
256A3220C119,1940,0
256A3230C119,1940,1
256A3270C119,1940,0
256A3R50C119,1940,0
256A3R70C119,1940,0
256BAR70D119,1940,0
256BM220D119,1940,0
256BM230D119,1940,15
256BMR70D119,1940,4
256K2120C119,1940,0
256K2130C119,1940,14
256K2170C119,1940,5
256K2220C119,1940,0
256K2230C119,1940,13
256K2270C119,1940,6
256K2R50C119,1940,8
256K2R70C119,1940,6
256L1270C119,1940,0
525211301119,1940,0
525321100119,1940,0
525321200119,1940,0
52532R200119,1940,2
52532U200119,1940,0
525331100119,1940,0
525331200119,1940,4
52533R200119,1940,0
52533U200119,1940,0